,date,content,username,description,display_name,verified,followersCount,friendsCount,tweetsCount,listedCount,mediaCount,language,replyCount,retweetCount,likeCount,quoteCount,sourceUrl,sourceLabel
0,2022-12-17 15:10:59+00:00,@callmesvetlana es genial tia yo voy por el 6 y me estÃ¡ encantando ğŸ¤§,boliviiic,tengo sueÃ±o ğŸ³ï¸â€ğŸŒˆ,vic gastao,False,363,280,13711,6,80,es,0,0,1,0,https://mobile.twitter.com,Twitter Web App
1,2022-12-16 20:08:57+00:00,@_guille_3 @esternox_ si os gustais pos liaros,boliviiic,tengo sueÃ±o ğŸ³ï¸â€ğŸŒˆ,vic gastao,False,363,280,13711,6,80,es,0,0,2,0,https://mobile.twitter.com,Twitter Web App
2,2022-12-16 19:22:12+00:00,@_guille_3 @esternox_ no sÃ© mi novio es guillermo,boliviiic,tengo sueÃ±o ğŸ³ï¸â€ğŸŒˆ,vic gastao,False,363,280,13711,6,80,es,1,0,1,0,https://mobile.twitter.com,Twitter Web App
3,2022-12-16 19:05:03+00:00,@esternox_ la tuya mola mazo ğŸ˜,boliviiic,tengo sueÃ±o ğŸ³ï¸â€ğŸŒˆ,vic gastao,False,363,280,13711,6,80,es,1,0,2,0,https://mobile.twitter.com,Twitter Web App
4,2022-12-15 22:53:58+00:00,@callmesvetlana voy a cenar gambas marta me despollo no puedo mas,boliviiic,tengo sueÃ±o ğŸ³ï¸â€ğŸŒˆ,vic gastao,False,363,280,13711,6,80,es,1,0,1,0,https://mobile.twitter.com,Twitter Web App
5,2022-12-14 13:06:14+00:00,@esternox_ jijiji me recuerda exactamente a un dÃ­a,boliviiic,tengo sueÃ±o ğŸ³ï¸â€ğŸŒˆ,vic gastao,False,363,280,13711,6,80,es,0,0,0,0,https://mobile.twitter.com,Twitter Web App
6,2022-12-13 16:00:38+00:00,@callmesvetlana @_guille_3 vaya cuernos tengo...,boliviiic,tengo sueÃ±o ğŸ³ï¸â€ğŸŒˆ,vic gastao,False,363,280,13711,6,80,es,0,0,2,0,https://mobile.twitter.com,Twitter Web App
7,2022-12-12 11:14:06+00:00,@callmesvetlana no la soporto,boliviiic,tengo sueÃ±o ğŸ³ï¸â€ğŸŒˆ,vic gastao,False,363,280,13711,6,80,es,0,0,1,0,https://mobile.twitter.com,Twitter Web App
8,2022-12-11 22:11:31+00:00,@_guille_3 fijate q mal voy q lo acabo de pillar ahora ğŸ¤¡,boliviiic,tengo sueÃ±o ğŸ³ï¸â€ğŸŒˆ,vic gastao,False,363,280,13711,6,80,es,0,0,1,0,https://mobile.twitter.com,Twitter Web App
9,2022-12-08 18:58:02+00:00,@esternox_ @estxfi uy me han pillao ğŸ¤­,boliviiic,tengo sueÃ±o ğŸ³ï¸â€ğŸŒˆ,vic gastao,False,363,280,13711,6,80,es,0,0,2,0,https://mobile.twitter.com,Twitter Web App
10,2022-12-07 21:03:23+00:00,@maria15bm @callmesvetlana q monas sois pordios,boliviiic,tengo sueÃ±o ğŸ³ï¸â€ğŸŒˆ,vic gastao,False,363,280,13711,6,80,es,1,0,2,0,https://mobile.twitter.com,Twitter Web App
11,2022-12-05 13:44:21+00:00,@callmesvetlana no jodas tÃº q guay,boliviiic,tengo sueÃ±o ğŸ³ï¸â€ğŸŒˆ,vic gastao,False,363,280,13711,6,80,es,0,0,1,0,https://mobile.twitter.com,Twitter Web App
12,2022-12-04 22:12:34+00:00,lo bonito q estÃ¡ el arbol de navidad de sol ğŸ¤§ğŸ¥º,boliviiic,tengo sueÃ±o ğŸ³ï¸â€ğŸŒˆ,vic gastao,False,363,280,13711,6,80,es,0,0,0,0,https://mobile.twitter.com,Twitter Web App
13,2022-12-03 21:12:23+00:00,lo guapa q estaba en verano y la puta cara de zombie q tengo desde septiembre ğŸ˜”ğŸ˜©,boliviiic,tengo sueÃ±o ğŸ³ï¸â€ğŸŒˆ,vic gastao,False,363,280,13711,6,80,es,0,0,0,0,https://mobile.twitter.com,Twitter Web App
14,2022-12-03 15:49:34+00:00,@callmesvetlana ahora entiendes mis lÃ¡grimas de cocodrilo,boliviiic,tengo sueÃ±o ğŸ³ï¸â€ğŸŒˆ,vic gastao,False,363,280,13711,6,80,es,0,0,1,0,https://mobile.twitter.com,Twitter Web App
15,2022-12-01 19:37:46+00:00,@maria15bm menos mal q no he tenido q recurrir al innombrable â˜ ï¸,boliviiic,tengo sueÃ±o ğŸ³ï¸â€ğŸŒˆ,vic gastao,False,363,280,13711,6,80,es,0,0,1,0,https://mobile.twitter.com,Twitter Web App
16,2022-12-01 18:18:21+00:00,un besito en la frente a chema por querer tutorizarme el tfg ğŸ¤§,boliviiic,tengo sueÃ±o ğŸ³ï¸â€ğŸŒˆ,vic gastao,False,363,280,13711,6,80,es,1,0,5,0,https://mobile.twitter.com,Twitter Web App
17,2022-11-29 23:53:49+00:00,@callmesvetlana yo te acompaÃ±o si quieres ğŸ˜‡,boliviiic,tengo sueÃ±o ğŸ³ï¸â€ğŸŒˆ,vic gastao,False,363,280,13711,6,80,es,1,0,1,0,https://mobile.twitter.com,Twitter Web App
18,2022-11-29 18:04:38+00:00,@maria15bm sos q real,boliviiic,tengo sueÃ±o ğŸ³ï¸â€ğŸŒˆ,vic gastao,False,363,280,13711,6,80,es,0,0,2,0,https://mobile.twitter.com,Twitter Web App
19,2022-11-11 14:04:47+00:00,@maria15bm todo culpa de guillermo,boliviiic,tengo sueÃ±o ğŸ³ï¸â€ğŸŒˆ,vic gastao,False,363,280,13711,6,80,es,1,0,0,0,https://mobile.twitter.com,Twitter Web App
20,2022-11-04 14:26:13+00:00,@callmesvetlana marta NO,boliviiic,tengo sueÃ±o ğŸ³ï¸â€ğŸŒˆ,vic gastao,False,363,280,13711,6,80,es,0,0,0,0,https://mobile.twitter.com,Twitter Web App
21,2022-11-01 20:51:53+00:00,dormir con mi novia y pasarme todo el dÃ­a con ella: ğŸ¤—â¤ï¸ğŸ˜âœ¨ğŸ¤©ğŸ’—ğŸ¥°ğŸ’˜ volver a casa y tener q dormir sola: ğŸ˜¢ğŸ˜£ğŸ’”ğŸ˜©ğŸ˜­ğŸ’”ğŸ¥º,boliviiic,tengo sueÃ±o ğŸ³ï¸â€ğŸŒˆ,vic gastao,False,363,280,13711,6,80,es,1,2,8,0,https://mobile.twitter.com,Twitter Web App
22,2022-10-25 06:47:26+00:00,@callmesvetlana SAMEEEE,boliviiic,tengo sueÃ±o ğŸ³ï¸â€ğŸŒˆ,vic gastao,False,363,280,13711,6,80,en,0,0,0,0,https://mobile.twitter.com,Twitter Web App
23,2022-10-22 15:56:24+00:00,@_guille_3 a mi tmb joder pero es buena seÃ±al ğŸ˜,boliviiic,tengo sueÃ±o ğŸ³ï¸â€ğŸŒˆ,vic gastao,False,363,280,13711,6,80,es,0,0,1,0,https://mobile.twitter.com,Twitter Web App
24,2022-10-20 20:37:23+00:00,@mariaagf9 a mi 1.71 y tmb son 2cms menos de lo q esperaba... sus,boliviiic,tengo sueÃ±o ğŸ³ï¸â€ğŸŒˆ,vic gastao,False,363,280,13711,6,80,es,0,0,0,0,https://mobile.twitter.com,Twitter Web App
25,2022-10-20 13:14:14+00:00,@lowkeyalbert @_guille_3 somos ğŸ‘‰ğŸ‘ˆ,boliviiic,tengo sueÃ±o ğŸ³ï¸â€ğŸŒˆ,vic gastao,False,363,280,13711,6,80,es,0,0,2,0,https://mobile.twitter.com,Twitter Web App
26,2022-10-11 22:18:36+00:00,@callmesvetlana ahora me siento menos mal por no hacer tmp ni el huevo &lt;3,boliviiic,tengo sueÃ±o ğŸ³ï¸â€ğŸŒˆ,vic gastao,False,363,280,13711,6,80,es,0,0,1,0,https://mobile.twitter.com,Twitter Web App
27,2022-10-05 19:33:50+00:00,@esternox_ teashop cÃ³gele el brazo a mi novia pa poder ir a darle besos los domingos gracias,boliviiic,tengo sueÃ±o ğŸ³ï¸â€ğŸŒˆ,vic gastao,False,363,280,13711,6,80,es,1,0,0,0,https://mobile.twitter.com,Twitter Web App
28,2022-10-03 08:13:11+00:00,@callmesvetlana necesitas un pedazo de iman to potente vas a tener q ir a tienda fisica,boliviiic,tengo sueÃ±o ğŸ³ï¸â€ğŸŒˆ,vic gastao,False,363,280,13711,6,80,es,1,0,0,0,https://mobile.twitter.com,Twitter Web App
29,2022-10-02 08:41:04+00:00,@callmesvetlana marta siendo una vez mas la mejor host del mundo,boliviiic,tengo sueÃ±o ğŸ³ï¸â€ğŸŒˆ,vic gastao,False,363,280,13711,6,80,es,1,0,1,0,https://mobile.twitter.com,Twitter Web App
30,2022-09-30 21:44:32+00:00,@callmesvetlana @maria15bm teneis un puto problema,boliviiic,tengo sueÃ±o ğŸ³ï¸â€ğŸŒˆ,vic gastao,False,363,280,13711,6,80,es,0,0,2,0,https://mobile.twitter.com,Twitter Web App
31,2022-09-24 20:08:55+00:00,@_guille_3 deja de hacer spoilers capullo,boliviiic,tengo sueÃ±o ğŸ³ï¸â€ğŸŒˆ,vic gastao,False,363,280,13711,6,80,es,1,0,1,0,https://mobile.twitter.com,Twitter Web App
32,2022-09-18 15:26:48+00:00,@esternox_ jajajjajajajajaj ester memeo no se me aplica eh,boliviiic,tengo sueÃ±o ğŸ³ï¸â€ğŸŒˆ,vic gastao,False,363,280,13711,6,80,es,1,0,0,0,https://mobile.twitter.com,Twitter Web App
33,2022-06-08 07:36:02+00:00,@shedoesntgo @maria15bm este ranking esta muy mal,boliviiic,tengo sueÃ±o ğŸ³ï¸â€ğŸŒˆ,vic gastao,False,363,280,13711,6,80,es,1,0,0,0,https://mobile.twitter.com,Twitter Web App
34,2022-06-01 20:46:15+00:00,@callmesvetlana lo vas a hacer genial tia!!!,boliviiic,tengo sueÃ±o ğŸ³ï¸â€ğŸŒˆ,vic gastao,False,363,280,13711,6,80,es,0,0,0,0,https://mobile.twitter.com,Twitter Web App
35,2022-05-24 21:43:21+00:00,@callmesvetlana se vienen cositas,boliviiic,tengo sueÃ±o ğŸ³ï¸â€ğŸŒˆ,vic gastao,False,363,280,13711,6,80,es,0,0,1,0,https://mobile.twitter.com,Twitter Web App
36,2022-05-14 18:04:39+00:00,@mariaagf9 me muero con lo bonito q es,boliviiic,tengo sueÃ±o ğŸ³ï¸â€ğŸŒˆ,vic gastao,False,363,280,13711,6,80,es,0,0,1,0,https://mobile.twitter.com,Twitter Web App
37,2022-05-10 04:06:06+00:00,@shedoesntgo la pregunta es q no les pasa,boliviiic,tengo sueÃ±o ğŸ³ï¸â€ğŸŒˆ,vic gastao,False,363,280,13711,6,80,es,0,0,0,0,https://mobile.twitter.com,Twitter Web App
38,2022-04-20 17:10:19+00:00,@shedoesntgo @GgMariette no me escondo pero te juro que me la empiezo hoy esq se me olvida siempreğŸ˜­ğŸ˜­,boliviiic,tengo sueÃ±o ğŸ³ï¸â€ğŸŒˆ,vic gastao,False,363,280,13711,6,80,es,0,0,0,0,https://mobile.twitter.com,Twitter Web App
39,2022-04-19 21:06:05+00:00,@shedoesntgo sandra sigo sin habermela visto,boliviiic,tengo sueÃ±o ğŸ³ï¸â€ğŸŒˆ,vic gastao,False,363,280,13711,6,80,es,1,0,0,0,https://mobile.twitter.com,Twitter Web App
40,2022-04-06 15:19:35+00:00,me he pedido unos dickies rezando para haber acertado con la talla ğŸ¤ğŸ¤,boliviiic,tengo sueÃ±o ğŸ³ï¸â€ğŸŒˆ,vic gastao,False,363,280,13711,6,80,es,0,0,1,0,https://mobile.twitter.com,Twitter Web App
41,2022-04-04 02:58:43+00:00,quiero volver a espaÃ±a solo para volver a comer sano :( dining hall food sucks,boliviiic,tengo sueÃ±o ğŸ³ï¸â€ğŸŒˆ,vic gastao,False,363,280,13711,6,80,es,1,0,0,0,https://mobile.twitter.com,Twitter Web App
42,2022-03-22 22:25:26+00:00,@callmesvetlana palante con todo,boliviiic,tengo sueÃ±o ğŸ³ï¸â€ğŸŒˆ,vic gastao,False,363,280,13711,6,80,es,0,0,1,0,https://mobile.twitter.com,Twitter Web App
43,2022-03-18 03:23:45+00:00,esq la amo twitter.com/El_Hormiguero/â€¦,boliviiic,tengo sueÃ±o ğŸ³ï¸â€ğŸŒˆ,vic gastao,False,363,280,13711,6,80,es,0,0,0,0,https://mobile.twitter.com,Twitter Web App
44,2022-02-28 15:37:44+00:00,lo que dependo del sol para estar feliz se esta convirtiendo en preocupante,boliviiic,tengo sueÃ±o ğŸ³ï¸â€ğŸŒˆ,vic gastao,False,363,280,13711,6,80,es,0,0,4,0,https://mobile.twitter.com,Twitter Web App
45,2022-02-15 02:03:11+00:00,@shedoesntgo @callmesvetlana sandra te adoro,boliviiic,tengo sueÃ±o ğŸ³ï¸â€ğŸŒˆ,vic gastao,False,363,280,13711,6,80,es,0,0,2,0,https://mobile.twitter.com,Twitter Web App
46,2022-01-11 22:58:27+00:00,@_guille_3 goals es poco,boliviiic,tengo sueÃ±o ğŸ³ï¸â€ğŸŒˆ,vic gastao,False,363,280,13711,6,80,en,0,0,1,0,https://mobile.twitter.com,Twitter Web App
47,2021-12-13 02:45:23+00:00,@mariaagf9 same ğŸ˜­ğŸ˜­,boliviiic,tengo sueÃ±o ğŸ³ï¸â€ğŸŒˆ,vic gastao,False,363,280,13711,6,80,en,0,0,1,0,https://mobile.twitter.com,Twitter Web App
48,2021-11-29 15:49:37+00:00,@sestrecha irala q putita,boliviiic,tengo sueÃ±o ğŸ³ï¸â€ğŸŒˆ,vic gastao,False,363,280,13711,6,80,es,0,0,1,0,https://mobile.twitter.com,Twitter Web App
49,2021-11-24 20:17:37+00:00,@lostinmiriam dos besitos,boliviiic,tengo sueÃ±o ğŸ³ï¸â€ğŸŒˆ,vic gastao,False,363,280,13711,6,80,es,1,0,1,0,https://mobile.twitter.com,Twitter Web App
50,2021-11-13 04:15:10+00:00,@_guille_3 @clauudiaortiz_ ojito q ya estoy pillando airbnb en nyc,boliviiic,tengo sueÃ±o ğŸ³ï¸â€ğŸŒˆ,vic gastao,False,363,280,13711,6,80,es,0,0,0,0,https://mobile.twitter.com,Twitter Web App
51,2021-11-03 20:49:45+00:00,hace 9 putos grados y todavia hay americanos en pantalon corto esq guiÃ³n con la peÃ±a de este pais,boliviiic,tengo sueÃ±o ğŸ³ï¸â€ğŸŒˆ,vic gastao,False,363,280,13711,6,80,es,0,0,0,0,https://mobile.twitter.com,Twitter Web App
52,2021-11-03 19:03:31+00:00,@sestrecha @callmesvetlana aqui aun no hemos cambiado de hora,boliviiic,tengo sueÃ±o ğŸ³ï¸â€ğŸŒˆ,vic gastao,False,363,280,13711,6,80,es,0,0,1,0,https://mobile.twitter.com,Twitter Web App
53,2021-11-03 01:39:35+00:00,@martaguiraoa same no he empezado,boliviiic,tengo sueÃ±o ğŸ³ï¸â€ğŸŒˆ,vic gastao,False,363,280,13711,6,80,es,0,0,3,0,https://mobile.twitter.com,Twitter Web App
54,2021-11-01 20:43:39+00:00,@callmesvetlana ME PUTO FLIPA,boliviiic,tengo sueÃ±o ğŸ³ï¸â€ğŸŒˆ,vic gastao,False,363,280,13711,6,80,es,1,0,1,0,https://mobile.twitter.com,Twitter Web App
55,2021-10-25 22:58:31+00:00,@itsreallyro_ me alegro un monton ğŸ¥º,boliviiic,tengo sueÃ±o ğŸ³ï¸â€ğŸŒˆ,vic gastao,False,363,280,13711,6,80,es,1,0,1,0,https://mobile.twitter.com,Twitter Web App
56,2021-08-28 21:09:42+00:00,@guillecinn @_guille_3 jejejjejeje,boliviiic,tengo sueÃ±o ğŸ³ï¸â€ğŸŒˆ,vic gastao,False,363,280,13711,6,80,es,0,0,1,0,https://mobile.twitter.com,Twitter Web App
57,2021-08-26 01:28:22+00:00,@mariaagf9 @lostinmiriam tia no mueras pls,boliviiic,tengo sueÃ±o ğŸ³ï¸â€ğŸŒˆ,vic gastao,False,363,280,13711,6,80,es,0,0,2,0,https://mobile.twitter.com,Twitter Web App
58,2021-08-08 13:40:40+00:00,@itsreallyro_ es super &lt;/3,boliviiic,tengo sueÃ±o ğŸ³ï¸â€ğŸŒˆ,vic gastao,False,363,280,13711,6,80,es,1,0,0,0,https://mobile.twitter.com,Twitter Web App
59,2021-07-22 20:44:51+00:00,@_guille_3 luces mi novio ğŸ¥µğŸ¥µ,boliviiic,tengo sueÃ±o ğŸ³ï¸â€ğŸŒˆ,vic gastao,False,363,280,13711,6,80,es,1,0,1,0,https://mobile.twitter.com,Twitter Web App
60,2021-07-11 13:46:01+00:00,@_guille_3 me espera lo mismo esta semana :(,boliviiic,tengo sueÃ±o ğŸ³ï¸â€ğŸŒˆ,vic gastao,False,363,280,13711,6,80,es,0,0,1,0,https://mobile.twitter.com,Twitter Web App
61,2021-07-01 08:40:22+00:00,@_guille_3 GUILLERMO TE HE COLGADO NO TE HE LLAMADO GORDO OJJJJ,boliviiic,tengo sueÃ±o ğŸ³ï¸â€ğŸŒˆ,vic gastao,False,363,280,13711,6,80,es,0,0,1,0,https://mobile.twitter.com,Twitter Web App
62,2021-06-29 20:34:34+00:00,@_guille_3 aro q no toi taba antes :((,boliviiic,tengo sueÃ±o ğŸ³ï¸â€ğŸŒˆ,vic gastao,False,363,280,13711,6,80,es,1,0,1,0,https://mobile.twitter.com,Twitter Web App
63,2021-06-29 09:34:46+00:00,@_guille_3 vamos a jugar ahora ğŸ‘‰ğŸ‘ˆğŸ¥º,boliviiic,tengo sueÃ±o ğŸ³ï¸â€ğŸŒˆ,vic gastao,False,363,280,13711,6,80,es,1,0,1,0,https://mobile.twitter.com,Twitter Web App
64,2021-06-28 21:51:25+00:00,@_guille_3 maÃ±ana jurao q ahora quiero leer :(,boliviiic,tengo sueÃ±o ğŸ³ï¸â€ğŸŒˆ,vic gastao,False,363,280,13711,6,80,es,1,0,1,0,https://mobile.twitter.com,Twitter Web App
65,2021-06-26 14:43:22+00:00,@_guille_3 q capullito,boliviiic,tengo sueÃ±o ğŸ³ï¸â€ğŸŒˆ,vic gastao,False,363,280,13711,6,80,es,0,0,1,0,https://mobile.twitter.com,Twitter Web App
66,2021-06-25 22:10:32+00:00,@_guille_3 @callmesvetlana no asimilo :((,boliviiic,tengo sueÃ±o ğŸ³ï¸â€ğŸŒˆ,vic gastao,False,363,280,13711,6,80,es,0,0,2,0,https://mobile.twitter.com,Twitter Web App
67,2021-06-14 13:52:53+00:00,@_guille_3 sigo sin enterderlo guillermo,boliviiic,tengo sueÃ±o ğŸ³ï¸â€ğŸŒˆ,vic gastao,False,363,280,13711,6,80,es,1,0,0,0,https://mobile.twitter.com,Twitter Web App
68,2021-05-29 17:16:44+00:00,@maria15bm a mi tmb lol,boliviiic,tengo sueÃ±o ğŸ³ï¸â€ğŸŒˆ,vic gastao,False,363,280,13711,6,80,es,1,0,1,0,https://mobile.twitter.com,Twitter Web App
69,2021-05-24 15:36:33+00:00,@Rakellogs01 q monaa ğŸ¥°ğŸ¤­,boliviiic,tengo sueÃ±o ğŸ³ï¸â€ğŸŒˆ,vic gastao,False,363,280,13711,6,80,es,0,0,1,0,https://mobile.twitter.com,Twitter Web App
70,2021-05-21 17:37:55+00:00,@_guille_3 ven corre,boliviiic,tengo sueÃ±o ğŸ³ï¸â€ğŸŒˆ,vic gastao,False,363,280,13711,6,80,es,0,0,1,0,https://mobile.twitter.com,Twitter Web App
71,2021-05-15 20:27:05+00:00,@_guille_3 ven q te la doy ğŸ˜,boliviiic,tengo sueÃ±o ğŸ³ï¸â€ğŸŒˆ,vic gastao,False,363,280,13711,6,80,es,0,0,1,0,https://mobile.twitter.com,Twitter Web App
72,2021-05-10 20:51:13+00:00,@_guille_3 ven corre,boliviiic,tengo sueÃ±o ğŸ³ï¸â€ğŸŒˆ,vic gastao,False,363,280,13711,6,80,es,0,0,0,0,https://mobile.twitter.com,Twitter Web App
73,2021-05-07 22:42:18+00:00,@maria15bm @callmesvetlana sigo pedo tu,boliviiic,tengo sueÃ±o ğŸ³ï¸â€ğŸŒˆ,vic gastao,False,363,280,13711,6,80,es,1,0,1,0,https://mobile.twitter.com,Twitter Web App
74,2021-02-05 13:00:12+00:00,@_guille_3 si llego pronto vamos al tren ğŸ˜,boliviiic,tengo sueÃ±o ğŸ³ï¸â€ğŸŒˆ,vic gastao,False,363,280,13711,6,80,es,0,0,1,0,http://twitter.com/download/android,Twitter for Android
75,2021-01-31 15:35:09+00:00,@sestrecha @maria15bm me estoy despollando mucho leyendo todo xd,boliviiic,tengo sueÃ±o ğŸ³ï¸â€ğŸŒˆ,vic gastao,False,363,280,13711,6,80,es,0,0,1,0,http://twitter.com/download/android,Twitter for Android
76,2021-01-31 14:43:31+00:00,@itsreallyro_ q goals ğŸ˜ğŸ¥°ğŸ¤ª,boliviiic,tengo sueÃ±o ğŸ³ï¸â€ğŸŒˆ,vic gastao,False,363,280,13711,6,80,en,0,0,0,0,http://twitter.com/download/android,Twitter for Android
77,2021-01-31 14:42:23+00:00,@itsreallyro_ aaaaaa yo tmb sisss ğŸ™ƒğŸ™ƒ juntas hasta en los suspensos q bonito ğŸ¤§,boliviiic,tengo sueÃ±o ğŸ³ï¸â€ğŸŒˆ,vic gastao,False,363,280,13711,6,80,es,1,0,0,0,http://twitter.com/download/android,Twitter for Android
78,2021-01-29 12:43:52+00:00,@_guille_3 estoy llorando mucho ğŸ¤§ğŸ˜­ğŸ’”,boliviiic,tengo sueÃ±o ğŸ³ï¸â€ğŸŒˆ,vic gastao,False,363,280,13711,6,80,es,0,0,1,0,http://twitter.com/download/android,Twitter for Android
79,2021-01-25 14:10:36+00:00,@Rakellogs01 ui sis ğŸ˜³ jeje ğŸ˜ˆğŸ˜ˆ,boliviiic,tengo sueÃ±o ğŸ³ï¸â€ğŸŒˆ,vic gastao,False,363,280,13711,6,80,es,0,0,1,0,http://twitter.com/download/android,Twitter for Android
80,2021-01-25 13:51:33+00:00,@Rakellogs01 q mona me muero ğŸ¥ºğŸ¥º,boliviiic,tengo sueÃ±o ğŸ³ï¸â€ğŸŒˆ,vic gastao,False,363,280,13711,6,80,es,1,0,1,0,http://twitter.com/download/android,Twitter for Android
81,2021-01-25 13:37:43+00:00,@sestrecha @callmesvetlana yo uno amarillo pero tmb mucho amor ğŸ¥ºğŸ’›,boliviiic,tengo sueÃ±o ğŸ³ï¸â€ğŸŒˆ,vic gastao,False,363,280,13711,6,80,es,3,0,1,0,http://twitter.com/download/android,Twitter for Android
82,2021-01-25 13:35:59+00:00,@MaremotoY estoy igual :(,boliviiic,tengo sueÃ±o ğŸ³ï¸â€ğŸŒˆ,vic gastao,False,363,280,13711,6,80,es,0,0,1,0,http://twitter.com/download/android,Twitter for Android
83,2021-01-22 18:53:16+00:00,@sestrecha @callmesvetlana y encima van a hacernos llevar el portÃ¡til verÃ©is ğŸ¤¡ğŸ¤¡,boliviiic,tengo sueÃ±o ğŸ³ï¸â€ğŸŒˆ,vic gastao,False,363,280,13711,6,80,es,0,0,3,0,http://twitter.com/download/android,Twitter for Android
84,2021-01-19 12:57:07+00:00,@sestrecha pues yo ni me la he visto aÃºn ğŸ¤¡,boliviiic,tengo sueÃ±o ğŸ³ï¸â€ğŸŒˆ,vic gastao,False,363,280,13711,6,80,es,1,0,1,0,http://twitter.com/download/android,Twitter for Android
85,2021-01-18 10:27:57+00:00,@_guille_3 q guapo eres hostia puta,boliviiic,tengo sueÃ±o ğŸ³ï¸â€ğŸŒˆ,vic gastao,False,363,280,13711,6,80,es,1,0,1,0,https://mobile.twitter.com,Twitter Web App
86,2021-01-17 00:13:03+00:00,@elvi_nitotinto aprendo de la mejor ğŸ¤ª,boliviiic,tengo sueÃ±o ğŸ³ï¸â€ğŸŒˆ,vic gastao,False,363,280,13711,6,80,es,1,0,1,0,http://twitter.com/download/android,Twitter for Android
87,2021-01-16 13:23:58+00:00,@maria15bm yo tmb suspendi por eso ni intento el de vddğŸ˜”ğŸ¤˜,boliviiic,tengo sueÃ±o ğŸ³ï¸â€ğŸŒˆ,vic gastao,False,363,280,13711,6,80,es,0,0,1,0,https://mobile.twitter.com,Twitter Web App
88,2021-01-16 10:08:39+00:00,@itsreallyro_ @failussss pero se puede romper ns,boliviiic,tengo sueÃ±o ğŸ³ï¸â€ğŸŒˆ,vic gastao,False,363,280,13711,6,80,es,0,0,0,0,https://mobile.twitter.com,Twitter Web App
89,2021-01-16 10:04:26+00:00,@itsreallyro_ @failussss osea si pero en q momento se te ocurre llevarte los patines y el palo esq memeo,boliviiic,tengo sueÃ±o ğŸ³ï¸â€ğŸŒˆ,vic gastao,False,363,280,13711,6,80,es,1,0,0,0,https://mobile.twitter.com,Twitter Web App
90,2021-01-16 10:02:17+00:00,@failussss @itsreallyro_ q le pasa a la gente xd,boliviiic,tengo sueÃ±o ğŸ³ï¸â€ğŸŒˆ,vic gastao,False,363,280,13711,6,80,es,1,0,0,0,https://mobile.twitter.com,Twitter Web App
91,2021-01-15 22:21:08+00:00,@elvi_nitotinto @Gordito_Perrito AAAAAAAA q moni lloro como lo esta gozando ğŸ¥º,boliviiic,tengo sueÃ±o ğŸ³ï¸â€ğŸŒˆ,vic gastao,False,363,280,13711,6,80,es,1,0,1,0,http://twitter.com/download/android,Twitter for Android
92,2021-01-14 16:02:52+00:00,@sestrecha no lo voy a superar en la vida,boliviiic,tengo sueÃ±o ğŸ³ï¸â€ğŸŒˆ,vic gastao,False,363,280,13711,6,80,es,0,0,0,0,https://mobile.twitter.com,Twitter Web App
93,2021-01-07 19:07:36+00:00,@aleexxios @MadridDirecto q bonico nuestro hijo ğŸ¥ºğŸ¤§,boliviiic,tengo sueÃ±o ğŸ³ï¸â€ğŸŒˆ,vic gastao,False,363,280,13711,6,80,es,0,1,1,0,http://twitter.com/download/android,Twitter for Android
94,2021-01-04 00:45:04+00:00,@elvi_nitotinto tu no eres eso,boliviiic,tengo sueÃ±o ğŸ³ï¸â€ğŸŒˆ,vic gastao,False,363,280,13711,6,80,es,1,0,1,0,http://twitter.com/download/android,Twitter for Android
95,2021-01-04 00:21:12+00:00,@elvi_nitotinto no me escondo,boliviiic,tengo sueÃ±o ğŸ³ï¸â€ğŸŒˆ,vic gastao,False,363,280,13711,6,80,es,1,0,1,0,http://twitter.com/download/android,Twitter for Android
96,2021-01-03 13:20:29+00:00,@mariaagf9 en el suelo ğŸ˜³ğŸ˜³ğŸ˜³,boliviiic,tengo sueÃ±o ğŸ³ï¸â€ğŸŒˆ,vic gastao,False,363,280,13711,6,80,es,0,0,1,0,http://twitter.com/download/android,Twitter for Android
97,2020-12-26 22:52:09+00:00,@Rakellogs01 oooh te fliparia el rastro esq es mazo tu rollo,boliviiic,tengo sueÃ±o ğŸ³ï¸â€ğŸŒˆ,vic gastao,False,363,280,13711,6,80,es,0,0,0,0,http://twitter.com/download/android,Twitter for Android
98,2020-12-26 22:34:19+00:00,@Rakellogs01 vale un aÃ±o te vienes si o si ğŸ˜ğŸ˜Š,boliviiic,tengo sueÃ±o ğŸ³ï¸â€ğŸŒˆ,vic gastao,False,363,280,13711,6,80,es,1,0,0,0,http://twitter.com/download/android,Twitter for Android
99,2020-12-26 22:26:07+00:00,@Rakellogs01 jwhfkajsjsd vente sis yo te enseÃ±o las mejores luces ğŸ‘‰ğŸ»ğŸ‘ˆğŸ»ğŸ¥°,boliviiic,tengo sueÃ±o ğŸ³ï¸â€ğŸŒˆ,vic gastao,False,363,280,13711,6,80,es,1,0,1,0,http://twitter.com/download/android,Twitter for Android
100,2020-12-26 00:16:48+00:00,@maria15bm yo tmb no estas sola :'),boliviiic,tengo sueÃ±o ğŸ³ï¸â€ğŸŒˆ,vic gastao,False,363,280,13711,6,80,es,0,0,1,0,http://twitter.com/download/android,Twitter for Android
101,2020-12-26 00:15:09+00:00,@elvi_nitotinto eso esta fatal fatal tengo pruebas,boliviiic,tengo sueÃ±o ğŸ³ï¸â€ğŸŒˆ,vic gastao,False,363,280,13711,6,80,es,1,0,1,0,http://twitter.com/download/android,Twitter for Android
