date,content,username,description,display_name,verified,followersCount,friendsCount,tweetsCount,listedCount,mediaCount,language,replyCount,retweetCount,likeCount,quoteCount,sourceUrl,sourceLabel
2022-12-11 16:47:20+00:00,#1 WARRIOR PRINCESS! https://t.co/JGH6qkzo0U,ComicGirlAshley,Heyya It's Ashley! Here to talk about all kinds of comics with you beautiful geeks!,Ashley Talks Comics!,False,26626,97,19968,134,6255,en,3,17,89,0,http://twitter.com/download/android,Twitter for Android
2022-12-11 16:41:30+00:00,"""Telly""  Maybe... Maybe put the rock back Diana. https://t.co/VqmZ23Cemv",ComicGirlAshley,Heyya It's Ashley! Here to talk about all kinds of comics with you beautiful geeks!,Ashley Talks Comics!,False,26626,97,19968,134,6255,en,1,3,69,0,http://twitter.com/download/android,Twitter for Android
2022-12-11 16:28:53+00:00,This ess*y isn't getting done before work. Sigh. But i can sneak some reading in üòå,ComicGirlAshley,Heyya It's Ashley! Here to talk about all kinds of comics with you beautiful geeks!,Ashley Talks Comics!,False,26626,97,19968,134,6255,en,0,1,24,0,http://twitter.com/download/android,Twitter for Android
2022-12-11 16:27:29+00:00,@nermalspile My dumb sleepy ass üò≠,ComicGirlAshley,Heyya It's Ashley! Here to talk about all kinds of comics with you beautiful geeks!,Ashley Talks Comics!,False,26626,97,19968,134,6255,en,0,0,1,0,http://twitter.com/download/android,Twitter for Android
2022-12-11 16:26:44+00:00,@BubblesZap_ My sleepy brain mixing up the women they hate for no reason üò≠,ComicGirlAshley,Heyya It's Ashley! Here to talk about all kinds of comics with you beautiful geeks!,Ashley Talks Comics!,False,26626,97,19968,134,6255,en,1,0,1,0,http://twitter.com/download/android,Twitter for Android
2022-12-11 15:41:46+00:00,I love how clean Darth Vader and the Stormtroopers look in Rebels https://t.co/ZDBH3uGhu8,ComicGirlAshley,Heyya It's Ashley! Here to talk about all kinds of comics with you beautiful geeks!,Ashley Talks Comics!,False,26626,97,19968,134,6255,en,2,7,125,0,http://twitter.com/download/android,Twitter for Android
2022-12-11 15:34:59+00:00,Definitely one of these two twitter.com/Cantina1234/st‚Ä¶ https://t.co/fA9eYmuTd6,ComicGirlAshley,Heyya It's Ashley! Here to talk about all kinds of comics with you beautiful geeks!,Ashley Talks Comics!,False,26626,97,19968,134,6255,en,2,10,96,0,http://twitter.com/download/android,Twitter for Android
2022-12-11 13:48:06+00:00,This was so cute https://t.co/GpKe17Zadh,ComicGirlAshley,Heyya It's Ashley! Here to talk about all kinds of comics with you beautiful geeks!,Ashley Talks Comics!,False,26626,97,19968,134,6255,en,6,48,553,0,http://twitter.com/download/android,Twitter for Android
2022-12-11 12:35:56+00:00,When is it my turn? üò© twitter.com/cbcpanelsbot/s‚Ä¶,ComicGirlAshley,Heyya It's Ashley! Here to talk about all kinds of comics with you beautiful geeks!,Ashley Talks Comics!,False,26626,97,19968,134,6255,en,1,7,85,0,http://twitter.com/download/android,Twitter for Android
2022-12-11 11:20:38+00:00,@itsjustSam16 About 50% of everything done,ComicGirlAshley,Heyya It's Ashley! Here to talk about all kinds of comics with you beautiful geeks!,Ashley Talks Comics!,False,26626,97,19968,134,6255,en,1,0,0,0,http://twitter.com/download/android,Twitter for Android
2022-12-11 11:13:21+00:00,Luke Skywalker after losing to Vader on Cloud City: twitter.com/BarcaUniversal‚Ä¶,ComicGirlAshley,Heyya It's Ashley! Here to talk about all kinds of comics with you beautiful geeks!,Ashley Talks Comics!,False,26626,97,19968,134,6255,en,0,11,78,0,http://twitter.com/download/android,Twitter for Android
2022-12-11 11:07:51+00:00,Swamp Thing looking Han Solo https://t.co/n1uo87KKwE,ComicGirlAshley,Heyya It's Ashley! Here to talk about all kinds of comics with you beautiful geeks!,Ashley Talks Comics!,False,26626,97,19968,134,6255,en,0,6,112,0,http://twitter.com/download/android,Twitter for Android
2022-12-11 10:59:10+00:00,The arcade beat-em up style Daredevil/Elktra bit is so fun! https://t.co/fuCuOPXawD,ComicGirlAshley,Heyya It's Ashley! Here to talk about all kinds of comics with you beautiful geeks!,Ashley Talks Comics!,False,26626,97,19968,134,6255,en,6,120,1569,3,http://twitter.com/download/android,Twitter for Android
2022-12-11 10:54:47+00:00,Firstly the lack of empathy is shocking.  Secondly when they walk through the restaurant and drop a dead dog on the counter? What then? twitter.com/Outkick/status‚Ä¶,ComicGirlAshley,Heyya It's Ashley! Here to talk about all kinds of comics with you beautiful geeks!,Ashley Talks Comics!,False,26626,97,19968,134,6255,en,9,8,110,0,http://twitter.com/download/android,Twitter for Android
2022-12-11 02:31:21+00:00,@RunicTablet I've been really enjoying it!,ComicGirlAshley,Heyya It's Ashley! Here to talk about all kinds of comics with you beautiful geeks!,Ashley Talks Comics!,False,26626,97,19968,134,6255,en,1,0,4,0,http://twitter.com/download/android,Twitter for Android
2022-12-11 02:22:12+00:00,@ilydarth I- but he's one of the main and most explored characters üò≠,ComicGirlAshley,Heyya It's Ashley! Here to talk about all kinds of comics with you beautiful geeks!,Ashley Talks Comics!,False,26626,97,19968,134,6255,en,1,0,54,0,http://twitter.com/download/android,Twitter for Android
2022-12-11 00:48:38+00:00,Hawkman seeing present day actor Dwayne Johnson walking down the street: https://t.co/Fb3xhZZsGv,ComicGirlAshley,Heyya It's Ashley! Here to talk about all kinds of comics with you beautiful geeks!,Ashley Talks Comics!,False,26626,97,19968,134,6255,en,1,17,279,0,http://twitter.com/download/android,Twitter for Android
2022-12-11 00:30:08+00:00,How are you today? ‚Äî I'm good! Doing my best to keep up with my assignments and work which is struggle but I'm managing!  curiouscat.me/ComicGirlAshle‚Ä¶,ComicGirlAshley,Heyya It's Ashley! Here to talk about all kinds of comics with you beautiful geeks!,Ashley Talks Comics!,False,26626,97,19968,134,6255,en,0,0,9,0,https://mobile.twitter.com,Twitter Web App
2022-12-11 00:17:54+00:00,Okay so Star Wars KOTR and Legacy because i adored those last time. THEN Wonder Woman becomes my main read.,ComicGirlAshley,Heyya It's Ashley! Here to talk about all kinds of comics with you beautiful geeks!,Ashley Talks Comics!,False,26626,97,19968,134,6255,en,0,0,35,0,http://twitter.com/download/android,Twitter for Android
2022-12-10 23:57:31+00:00,@HalcyonTraveler Honestly literally anyone would have overshadowed the cast tho üò≠,ComicGirlAshley,Heyya It's Ashley! Here to talk about all kinds of comics with you beautiful geeks!,Ashley Talks Comics!,False,26626,97,19968,134,6255,en,0,0,1,0,http://twitter.com/download/android,Twitter for Android
2022-12-10 23:56:22+00:00,@HumbleOwls Coulda just said you liked the art,ComicGirlAshley,Heyya It's Ashley! Here to talk about all kinds of comics with you beautiful geeks!,Ashley Talks Comics!,False,26626,97,19968,134,6255,en,1,0,1,0,http://twitter.com/download/android,Twitter for Android
2022-12-10 21:56:53+00:00,THIS IS SO FRIGGIN COOL! AAAAH! twitter.com/uzuriartonline‚Ä¶,ComicGirlAshley,Heyya It's Ashley! Here to talk about all kinds of comics with you beautiful geeks!,Ashley Talks Comics!,False,26626,97,19968,134,6255,en,2,8,116,0,http://twitter.com/download/android,Twitter for Android
2022-12-10 20:54:37+00:00,Lego Skywalker I'm sure that was a fun and interesting puzzle that made good use of the gameplay mechanics but unfortunately i will just be setting plyer 2 to BB-8 floating him to the brick and switching to him real quick.,ComicGirlAshley,Heyya It's Ashley! Here to talk about all kinds of comics with you beautiful geeks!,Ashley Talks Comics!,False,26626,97,19968,134,6255,en,0,0,53,0,http://twitter.com/download/android,Twitter for Android
2022-12-10 20:47:27+00:00,"@passing_someone ""Capture her voice"" as in the expression for getting her personality/spirit right",ComicGirlAshley,Heyya It's Ashley! Here to talk about all kinds of comics with you beautiful geeks!,Ashley Talks Comics!,False,26626,97,19968,134,6255,en,0,0,1,0,http://twitter.com/download/android,Twitter for Android
2022-12-10 20:45:58+00:00,I have experienced my first Skywalker Saga crash and istg if this starts happening and corrupts my save I'm burning the disc,ComicGirlAshley,Heyya It's Ashley! Here to talk about all kinds of comics with you beautiful geeks!,Ashley Talks Comics!,False,26626,97,19968,134,6255,en,1,0,36,0,http://twitter.com/download/android,Twitter for Android
2022-12-10 20:42:11+00:00,@TElite555 I haven't gotten to the end yet but she's bouncing around planets to hide on so it seems an easy fix,ComicGirlAshley,Heyya It's Ashley! Here to talk about all kinds of comics with you beautiful geeks!,Ashley Talks Comics!,False,26626,97,19968,134,6255,en,1,0,1,0,http://twitter.com/download/android,Twitter for Android
2022-12-10 20:19:27+00:00,"""This was taken out of continuity by this"" ""This was Legends"" ""This is the new canon"" ""This was canon but isn't anymore""  That's cool but i like it so I'ma go ahead a throw it in the saucepan",ComicGirlAshley,Heyya It's Ashley! Here to talk about all kinds of comics with you beautiful geeks!,Ashley Talks Comics!,False,26626,97,19968,134,6255,en,3,0,80,0,http://twitter.com/download/android,Twitter for Android
2022-12-10 20:15:59+00:00,Apparently the Asohka book I'm reading  was made non-canon by the Tales Of The Jedi episode but luckily Star Wars continuity in my brain is whatever i like and decide to stick together like a Frankenstein.,ComicGirlAshley,Heyya It's Ashley! Here to talk about all kinds of comics with you beautiful geeks!,Ashley Talks Comics!,False,26626,97,19968,134,6255,en,24,9,296,1,http://twitter.com/download/android,Twitter for Android
2022-12-10 19:58:51+00:00,I enjoyed Resistance but it felt like nothing but down time. Which isn't a bad thing but damn i wish we had some more of this in it.,ComicGirlAshley,Heyya It's Ashley! Here to talk about all kinds of comics with you beautiful geeks!,Ashley Talks Comics!,False,26626,97,19968,134,6255,en,4,0,45,0,http://twitter.com/download/android,Twitter for Android
2022-12-10 19:57:57+00:00,I suddenly wish Resistance had more seasons twitter.com/rPrequelMemes/‚Ä¶,ComicGirlAshley,Heyya It's Ashley! Here to talk about all kinds of comics with you beautiful geeks!,Ashley Talks Comics!,False,26626,97,19968,134,6255,en,9,29,339,0,http://twitter.com/download/android,Twitter for Android
2022-12-10 19:54:18+00:00,The actor asdie... She just didn't really feel like Ahsoka to me and i can't tel if that's a failure to capture her voice or if it was just how she is after all that time passed. twitter.com/ilydarth/statu‚Ä¶,ComicGirlAshley,Heyya It's Ashley! Here to talk about all kinds of comics with you beautiful geeks!,Ashley Talks Comics!,False,26626,97,19968,134,6255,en,3,0,50,0,http://twitter.com/download/android,Twitter for Android
2022-12-10 19:31:47+00:00,Time to hunt an Angela &amp; Sera reading list because they look so damn cool!,ComicGirlAshley,Heyya It's Ashley! Here to talk about all kinds of comics with you beautiful geeks!,Ashley Talks Comics!,False,26626,97,19968,134,6255,en,3,1,66,0,http://twitter.com/download/android,Twitter for Android
2022-12-10 19:30:56+00:00,I'M SO GAY OMG https://t.co/AQPgZb7VyY,ComicGirlAshley,Heyya It's Ashley! Here to talk about all kinds of comics with you beautiful geeks!,Ashley Talks Comics!,False,26626,97,19968,134,6255,en,8,45,621,1,http://twitter.com/download/android,Twitter for Android
2022-12-10 19:26:39+00:00,Then we get What If and Marvel's Spider-Man. IT'S NOT FAIR I TELLS YA,ComicGirlAshley,Heyya It's Ashley! Here to talk about all kinds of comics with you beautiful geeks!,Ashley Talks Comics!,False,26626,97,19968,134,6255,en,8,4,506,1,http://twitter.com/download/android,Twitter for Android
2022-12-10 19:26:16+00:00,Marvel will go unreasonably hard on the animation for game trailers https://t.co/t6gjBOBouK,ComicGirlAshley,Heyya It's Ashley! Here to talk about all kinds of comics with you beautiful geeks!,Ashley Talks Comics!,False,26626,97,19968,134,6255,en,46,513,8397,31,http://twitter.com/download/android,Twitter for Android
2022-12-10 19:22:27+00:00,FUCKING BEAUTIFUL! https://t.co/2uOGMDvJDP,ComicGirlAshley,Heyya It's Ashley! Here to talk about all kinds of comics with you beautiful geeks!,Ashley Talks Comics!,False,26626,97,19968,134,6255,en,3,85,722,0,http://twitter.com/download/android,Twitter for Android
2022-12-10 19:21:09+00:00,HOLY SHIT?! AND FOR A MOBILE CARD GAME?! twitter.com/MARVELSNAP/sta‚Ä¶,ComicGirlAshley,Heyya It's Ashley! Here to talk about all kinds of comics with you beautiful geeks!,Ashley Talks Comics!,False,26626,97,19968,134,6255,en,3,13,170,0,http://twitter.com/download/android,Twitter for Android
2022-12-10 18:53:31+00:00,Love this look for Leia! https://t.co/OX3QaIOdj4,ComicGirlAshley,Heyya It's Ashley! Here to talk about all kinds of comics with you beautiful geeks!,Ashley Talks Comics!,False,26626,97,19968,134,6255,en,1,11,144,1,http://twitter.com/download/android,Twitter for Android
2022-12-10 18:39:10+00:00,The All-New Ultimates were such a great lineup! https://t.co/Te7dw02sTc,ComicGirlAshley,Heyya It's Ashley! Here to talk about all kinds of comics with you beautiful geeks!,Ashley Talks Comics!,False,26626,97,19968,134,6255,en,14,29,261,1,http://twitter.com/download/android,Twitter for Android
2022-12-10 11:57:28+00:00,Otto being booed off the stage by the Avengers during that whole Asgard thing is hilarious https://t.co/HHXCT9DGa3,ComicGirlAshley,Heyya It's Ashley! Here to talk about all kinds of comics with you beautiful geeks!,Ashley Talks Comics!,False,26626,97,19968,134,6255,en,12,67,1027,2,http://twitter.com/download/android,Twitter for Android
2022-12-10 11:56:04+00:00,Sorcerer Supreme Wanda is pretty cool! https://t.co/vltrYsAcAx,ComicGirlAshley,Heyya It's Ashley! Here to talk about all kinds of comics with you beautiful geeks!,Ashley Talks Comics!,False,26626,97,19968,134,6255,en,16,51,520,10,http://twitter.com/download/android,Twitter for Android
2022-12-10 11:07:55+00:00,@aFallenWolf @ultratron563 I said both.,ComicGirlAshley,Heyya It's Ashley! Here to talk about all kinds of comics with you beautiful geeks!,Ashley Talks Comics!,False,26626,97,19968,134,6255,en,0,0,15,0,http://twitter.com/download/android,Twitter for Android
2022-12-10 10:10:48+00:00,And no. I do mean animation. Watch the scene. It's bizarre. He is genuinely worse animated than everything else.,ComicGirlAshley,Heyya It's Ashley! Here to talk about all kinds of comics with you beautiful geeks!,Ashley Talks Comics!,False,26626,97,19968,134,6255,en,0,0,53,0,http://twitter.com/download/android,Twitter for Android
2022-12-10 10:09:39+00:00,@ultratron563 Nope. I literally mean the animation for him in particular is worse than the rest of the show. It's bizarre,ComicGirlAshley,Heyya It's Ashley! Here to talk about all kinds of comics with you beautiful geeks!,Ashley Talks Comics!,False,26626,97,19968,134,6255,en,2,0,162,0,http://twitter.com/download/android,Twitter for Android
2022-12-10 10:06:51+00:00,@f_rockin No no i quite literally mean the animation for Yoda is worse than everything else in the show. It's quite bizarre to watch,ComicGirlAshley,Heyya It's Ashley! Here to talk about all kinds of comics with you beautiful geeks!,Ashley Talks Comics!,False,26626,97,19968,134,6255,en,0,0,62,0,http://twitter.com/download/android,Twitter for Android
2022-12-10 10:04:48+00:00,@cgd0911 Nearing the end of season 2 but i did watch it all 2 year ago,ComicGirlAshley,Heyya It's Ashley! Here to talk about all kinds of comics with you beautiful geeks!,Ashley Talks Comics!,False,26626,97,19968,134,6255,en,0,0,1,0,http://twitter.com/download/android,Twitter for Android
2022-12-10 00:43:03+00:00,I love that Zeb and Chopper are based on the original concepts for Chewie and R2. That's so neat! https://t.co/uAtRhJKvQE,ComicGirlAshley,Heyya It's Ashley! Here to talk about all kinds of comics with you beautiful geeks!,Ashley Talks Comics!,False,26626,97,19968,134,6255,en,5,40,353,0,http://twitter.com/download/android,Twitter for Android
2022-12-10 00:39:15+00:00,Wolverine Generations,ComicGirlAshley,Heyya It's Ashley! Here to talk about all kinds of comics with you beautiful geeks!,Ashley Talks Comics!,False,26626,97,19968,134,6255,de,1,0,53,0,http://twitter.com/download/android,Twitter for Android
2022-12-10 00:03:31+00:00,@Mowzer8 I don't want to know who slam dunked the touchdown. Hiiisss,ComicGirlAshley,Heyya It's Ashley! Here to talk about all kinds of comics with you beautiful geeks!,Ashley Talks Comics!,False,26626,97,19968,134,6255,en,1,0,1,0,http://twitter.com/download/android,Twitter for Android
2022-12-10 00:01:37+00:00,@27Zawag The design is bad but the literal animation is also worse,ComicGirlAshley,Heyya It's Ashley! Here to talk about all kinds of comics with you beautiful geeks!,Ashley Talks Comics!,False,26626,97,19968,134,6255,en,2,0,55,0,http://twitter.com/download/android,Twitter for Android
2022-12-09 23:08:59+00:00,It's always okay to punch Nazis twitter.com/AltosAlt/statu‚Ä¶ https://t.co/3M8jpg9nET,ComicGirlAshley,Heyya It's Ashley! Here to talk about all kinds of comics with you beautiful geeks!,Ashley Talks Comics!,False,26626,97,19968,134,6255,en,10,139,911,1,http://twitter.com/download/android,Twitter for Android
2022-12-09 23:03:18+00:00,@TylerJEsquire Which would have probably worked alright but the literal model quality looks worse than the rest of the show which doesn't help,ComicGirlAshley,Heyya It's Ashley! Here to talk about all kinds of comics with you beautiful geeks!,Ashley Talks Comics!,False,26626,97,19968,134,6255,en,0,0,25,0,http://twitter.com/download/android,Twitter for Android
2022-12-09 23:02:28+00:00,Remember Master Yoda? He was once the wisest Jedi of all time but after the Clone War he started abusing drugs. This is him now.  Before                                                After https://t.co/P7dRgWlt2C,ComicGirlAshley,Heyya It's Ashley! Here to talk about all kinds of comics with you beautiful geeks!,Ashley Talks Comics!,False,26626,97,19968,134,6255,en,12,35,376,2,http://twitter.com/download/android,Twitter for Android
2022-12-09 22:54:06+00:00,Why does he look like that? The animation for Yoda looks notabley worse than the rest of the show üò≠ https://t.co/LPd3zCzmUz,ComicGirlAshley,Heyya It's Ashley! Here to talk about all kinds of comics with you beautiful geeks!,Ashley Talks Comics!,False,26626,97,19968,134,6255,en,28,14,535,7,http://twitter.com/download/android,Twitter for Android
2022-12-09 21:51:40+00:00,I wanna watch ZSJL in chapters one day. I've wanted to rewatch it for awhile but my ass is not focusing on one thing for 4 hours uninterrupted again. I'm interested to see how the experience compares episodicly.,ComicGirlAshley,Heyya It's Ashley! Here to talk about all kinds of comics with you beautiful geeks!,Ashley Talks Comics!,False,26626,97,19968,134,6255,en,3,0,49,0,http://twitter.com/download/android,Twitter for Android
2022-12-09 21:47:54+00:00,Y'all gotta stop doing that man like this üò≠,ComicGirlAshley,Heyya It's Ashley! Here to talk about all kinds of comics with you beautiful geeks!,Ashley Talks Comics!,False,26626,97,19968,134,6255,en,0,0,99,0,http://twitter.com/download/android,Twitter for Android
2022-12-09 21:47:08+00:00,I don't know what any of this means and i don't wanna üò≠,ComicGirlAshley,Heyya It's Ashley! Here to talk about all kinds of comics with you beautiful geeks!,Ashley Talks Comics!,False,26626,97,19968,134,6255,en,0,0,20,0,http://twitter.com/download/android,Twitter for Android
2022-12-09 21:43:47+00:00,I promise you it's really easy to to praise the films without shitting on 70+ years of comics you didn't read.  Watch me. Look.  I think the themes Snyder explored with Superman and Batman in the world he set up was really interesting and a pretty cool take on the characters.,ComicGirlAshley,Heyya It's Ashley! Here to talk about all kinds of comics with you beautiful geeks!,Ashley Talks Comics!,False,26626,97,19968,134,6255,en,5,8,246,0,http://twitter.com/download/android,Twitter for Android
2022-12-09 21:43:47+00:00,Snyder's impact on Batman and Superman was actually so great it rippled through time and made them interesting and well explored characters  to the point they're two of the most iconic fictional superheroes today! twitter.com/DCSnyder5Fan/s‚Ä¶,ComicGirlAshley,Heyya It's Ashley! Here to talk about all kinds of comics with you beautiful geeks!,Ashley Talks Comics!,False,26626,97,19968,134,6255,en,8,31,758,2,http://twitter.com/download/android,Twitter for Android
2022-12-09 21:36:52+00:00,Foot soccer sport ball keeps making it on to my timeline https://t.co/byRYK3PJio,ComicGirlAshley,Heyya It's Ashley! Here to talk about all kinds of comics with you beautiful geeks!,Ashley Talks Comics!,False,26626,97,19968,134,6255,en,8,3,138,0,http://twitter.com/download/android,Twitter for Android
2022-12-09 21:19:37+00:00,"@The_Titantron99 Yeah... I feel like something got lost in translation ""sequel the first DLC but also make it like you only have to play the second game to understand""",ComicGirlAshley,Heyya It's Ashley! Here to talk about all kinds of comics with you beautiful geeks!,Ashley Talks Comics!,False,26626,97,19968,134,6255,en,1,0,3,0,http://twitter.com/download/android,Twitter for Android
2022-12-09 21:11:39+00:00,@Kortisex I think Chloe probably still have that crown through the comics and games but she's definitely up there with Max probably since a novel is quite significant.,ComicGirlAshley,Heyya It's Ashley! Here to talk about all kinds of comics with you beautiful geeks!,Ashley Talks Comics!,False,26626,97,19968,134,6255,en,0,0,7,0,http://twitter.com/download/android,Twitter for Android
2022-12-09 20:24:52+00:00,@scots_dragon They were doing the most to get a lightsaber in her hand at every opportunity https://t.co/fFGu1Hvsu1,ComicGirlAshley,Heyya It's Ashley! Here to talk about all kinds of comics with you beautiful geeks!,Ashley Talks Comics!,False,26626,97,19968,134,6255,en,2,2,40,0,http://twitter.com/download/android,Twitter for Android
2022-12-09 20:18:09+00:00,Force Unleashed 2 Leia going full Jedi in the DLC was so cool! https://t.co/CUc5FGx03c,ComicGirlAshley,Heyya It's Ashley! Here to talk about all kinds of comics with you beautiful geeks!,Ashley Talks Comics!,False,26626,97,19968,134,6255,en,11,48,790,2,http://twitter.com/download/android,Twitter for Android
2022-12-09 20:03:00+00:00,@pera_nox Ngl always get those vibes when someone refusing to use a chosen name because they don't like them. I'll cop to it being a stretch but it has the worst vibes regardless,ComicGirlAshley,Heyya It's Ashley! Here to talk about all kinds of comics with you beautiful geeks!,Ashley Talks Comics!,False,26626,97,19968,134,6255,en,0,0,4,0,http://twitter.com/download/android,Twitter for Android
2022-12-09 20:00:50+00:00,@ZMaalk Also an aside did Leia or Rey even know Yoda spoke to him? I can't recall if he mentioned.,ComicGirlAshley,Heyya It's Ashley! Here to talk about all kinds of comics with you beautiful geeks!,Ashley Talks Comics!,False,26626,97,19968,134,6255,en,0,0,1,0,http://twitter.com/download/android,Twitter for Android
2022-12-09 19:58:58+00:00,@ZMaalk Well TFA and LJ are right after each other so that's why it's Tros. What Yoda said hinged a lot on Rey.  Didn't seem to slow down Luke.,ComicGirlAshley,Heyya It's Ashley! Here to talk about all kinds of comics with you beautiful geeks!,Ashley Talks Comics!,False,26626,97,19968,134,6255,en,1,0,1,0,http://twitter.com/download/android,Twitter for Android
2022-12-09 19:34:46+00:00,@ZMaalk She spent about a year training with Leia plus she got Luke to return which is pretty significant. But that aside the Skywalker legacy in the universe is much bigger at that point.  The Skywalker name and legend brings hope. It's practically synonymous,ComicGirlAshley,Heyya It's Ashley! Here to talk about all kinds of comics with you beautiful geeks!,Ashley Talks Comics!,False,26626,97,19968,134,6255,en,1,0,1,0,http://twitter.com/download/android,Twitter for Android
2022-12-09 18:17:24+00:00,"We're casting fo the 10th Doctor. Who's the next audition?  *checks notes* ""David Ten-""  Say no more. It's him. He's the one.",ComicGirlAshley,Heyya It's Ashley! Here to talk about all kinds of comics with you beautiful geeks!,Ashley Talks Comics!,False,26626,97,19968,134,6255,en,1,4,75,0,http://twitter.com/download/android,Twitter for Android
2022-12-09 18:07:34+00:00,From Arcadia Bay to Haven we're getting a Steph novel! https://t.co/A3Sz2EdDWN,ComicGirlAshley,Heyya It's Ashley! Here to talk about all kinds of comics with you beautiful geeks!,Ashley Talks Comics!,False,26626,97,19968,134,6255,en,3,5,57,3,http://twitter.com/download/android,Twitter for Android
2022-12-09 18:02:09+00:00,@Miko_Pike You couldn't just leave it alone... You had to keep digging... Asking questions... Applying pressure. Well after 6 years I can't take it anynore you win. I CONFESS. I WANT HER HORN SO FAR I-*gunshot*,ComicGirlAshley,Heyya It's Ashley! Here to talk about all kinds of comics with you beautiful geeks!,Ashley Talks Comics!,False,26626,97,19968,134,6255,en,0,0,0,0,http://twitter.com/download/android,Twitter for Android
2022-12-09 17:54:55+00:00,@thecardsharp2 Can you believe that little boy at the end of Last Jedi picking up his broom like a lightsaber and being hopeful? Sickening. Luke's culture is not your cosplay/j,ComicGirlAshley,Heyya It's Ashley! Here to talk about all kinds of comics with you beautiful geeks!,Ashley Talks Comics!,False,26626,97,19968,134,6255,en,1,0,13,0,http://twitter.com/download/android,Twitter for Android
2022-12-09 17:47:03+00:00,@BenVigus Like... Nothings more of a loss than spending 50 years trying to bring one of them over to your side to ultimately have them get one of yours on their side kill you and continue THEIR legacy üò≠,ComicGirlAshley,Heyya It's Ashley! Here to talk about all kinds of comics with you beautiful geeks!,Ashley Talks Comics!,False,26626,97,19968,134,6255,en,1,1,17,0,http://twitter.com/download/android,Twitter for Android
2022-12-09 17:41:57+00:00,Even if you didn't like it you've had 3+ years to pick up on the very basic themes they were clearly putting down,ComicGirlAshley,Heyya It's Ashley! Here to talk about all kinds of comics with you beautiful geeks!,Ashley Talks Comics!,False,26626,97,19968,134,6255,en,1,1,67,0,http://twitter.com/download/android,Twitter for Android
2022-12-09 17:41:57+00:00,"Everytime i see something like this it always just screams ""Tell me you didn't pay attention to the movies without telling me you didn't pay attention to the movies"". twitter.com/ep1amidala/sta‚Ä¶",ComicGirlAshley,Heyya It's Ashley! Here to talk about all kinds of comics with you beautiful geeks!,Ashley Talks Comics!,False,26626,97,19968,134,6255,en,12,21,278,0,http://twitter.com/download/android,Twitter for Android
2022-12-09 17:37:01+00:00,I read the Wikipedia page for The Godfather and i have to say it's one of the best films of all time. Hardcore movie fans will say I'm crazy.,ComicGirlAshley,Heyya It's Ashley! Here to talk about all kinds of comics with you beautiful geeks!,Ashley Talks Comics!,False,26626,97,19968,134,6255,en,2,9,147,0,http://twitter.com/download/android,Twitter for Android
2022-12-09 17:04:24+00:00,@the_GiannaMarie I would if i were sand üò≠,ComicGirlAshley,Heyya It's Ashley! Here to talk about all kinds of comics with you beautiful geeks!,Ashley Talks Comics!,False,26626,97,19968,134,6255,en,0,0,1,0,http://twitter.com/download/android,Twitter for Android
2022-12-09 16:58:56+00:00,I am so tired https://t.co/5wEtMCUTbK,ComicGirlAshley,Heyya It's Ashley! Here to talk about all kinds of comics with you beautiful geeks!,Ashley Talks Comics!,False,26626,97,19968,134,6255,en,1,2,43,0,http://twitter.com/download/android,Twitter for Android
2022-12-09 13:03:50+00:00,"""There's something off. Were the holes really necessary? And her head is completely exposed.""  What's the problem? Rhinos? Hot. Girls? Hot. It's hot.  ""Wait what?""  Girls are hot?  ""No before that.""  What's the problem?  ""Inbetween those??""  I don't recall saying anything else.",ComicGirlAshley,Heyya It's Ashley! Here to talk about all kinds of comics with you beautiful geeks!,Ashley Talks Comics!,False,26626,97,19968,134,6255,en,2,4,153,0,http://twitter.com/download/android,Twitter for Android
2022-12-09 12:42:34+00:00,I... I wanna unsee this. Please. https://t.co/3FpURFypHz,ComicGirlAshley,Heyya It's Ashley! Here to talk about all kinds of comics with you beautiful geeks!,Ashley Talks Comics!,False,26626,97,19968,134,6255,en,47,29,812,5,http://twitter.com/download/android,Twitter for Android
2022-12-09 12:41:31+00:00,@the_GiannaMarie Good point but also she is sand,ComicGirlAshley,Heyya It's Ashley! Here to talk about all kinds of comics with you beautiful geeks!,Ashley Talks Comics!,False,26626,97,19968,134,6255,en,1,0,9,0,http://twitter.com/download/android,Twitter for Android
2022-12-09 12:39:51+00:00,@DarnellBebop @Ry6Crates That's neat! I like to think it was through the cuts in their hands that made it count,ComicGirlAshley,Heyya It's Ashley! Here to talk about all kinds of comics with you beautiful geeks!,Ashley Talks Comics!,False,26626,97,19968,134,6255,en,1,0,1,0,http://twitter.com/download/android,Twitter for Android
2022-12-09 12:16:58+00:00,He knew it was coming. He was just a little confused. https://t.co/Bn8hv4h8wZ,ComicGirlAshley,Heyya It's Ashley! Here to talk about all kinds of comics with you beautiful geeks!,Ashley Talks Comics!,False,26626,97,19968,134,6255,en,3,4,104,0,http://twitter.com/download/android,Twitter for Android
2022-12-09 11:42:53+00:00,Laura giving advice to Logan about spending time with his daughter and Logan recognising who she hits so damn hard. https://t.co/mWLfkCYOTx,ComicGirlAshley,Heyya It's Ashley! Here to talk about all kinds of comics with you beautiful geeks!,Ashley Talks Comics!,False,26626,97,19968,134,6255,en,11,82,1028,4,http://twitter.com/download/android,Twitter for Android
2022-12-09 11:04:32+00:00,Hulk and Banner setting aside their beef for their son is such a sweet moment https://t.co/qkkfBI5fQo,ComicGirlAshley,Heyya It's Ashley! Here to talk about all kinds of comics with you beautiful geeks!,Ashley Talks Comics!,False,26626,97,19968,134,6255,en,2,24,468,0,http://twitter.com/download/android,Twitter for Android
2022-12-09 08:19:27+00:00,@SongbirdDiamond Legacy and Kotor are supreme. Can't wait to reread!,ComicGirlAshley,Heyya It's Ashley! Here to talk about all kinds of comics with you beautiful geeks!,Ashley Talks Comics!,False,26626,97,19968,134,6255,en,0,0,3,0,http://twitter.com/download/android,Twitter for Android
2022-12-09 02:34:19+00:00,This looks pretty damn funny. I love it! twitter.com/GameSpot/statu‚Ä¶,ComicGirlAshley,Heyya It's Ashley! Here to talk about all kinds of comics with you beautiful geeks!,Ashley Talks Comics!,False,26626,97,19968,134,6255,en,0,5,94,0,http://twitter.com/download/android,Twitter for Android
2022-12-09 02:26:40+00:00,JEDI SURVIVOR IS GONNA BE INSANE! https://t.co/AjKDf1iuL1,ComicGirlAshley,Heyya It's Ashley! Here to talk about all kinds of comics with you beautiful geeks!,Ashley Talks Comics!,False,26626,97,19968,134,6255,en,9,12,282,0,http://twitter.com/download/android,Twitter for Android
2022-12-09 01:45:12+00:00,@DavidApong üëèüëèüëè,ComicGirlAshley,Heyya It's Ashley! Here to talk about all kinds of comics with you beautiful geeks!,Ashley Talks Comics!,False,26626,97,19968,134,6255,und,1,0,15,0,http://twitter.com/download/android,Twitter for Android
2022-12-09 01:43:08+00:00,I just feels like the DCEU has been stuck in second gear. A reboot could breath new life into the movies. I'd like for them to remember that the Justice League aren't just co-workers. They're Friends. https://t.co/0dOkIJGk9k,ComicGirlAshley,Heyya It's Ashley! Here to talk about all kinds of comics with you beautiful geeks!,Ashley Talks Comics!,False,26626,97,19968,134,6255,en,4,4,91,0,http://twitter.com/download/android,Twitter for Android
2022-12-09 01:39:09+00:00,Since the DCEU might be rebooting i have the perfect cast for a Justice League movie! https://t.co/YVTLrhwCqB,ComicGirlAshley,Heyya It's Ashley! Here to talk about all kinds of comics with you beautiful geeks!,Ashley Talks Comics!,False,26626,97,19968,134,6255,en,20,34,440,6,http://twitter.com/download/android,Twitter for Android
2022-12-09 01:16:51+00:00,"@benwoodtweet No. My sources tell me it was going to be a very darker portrayal of Wonder Woman. Diana's psyche was shattered by the trauma. It was asked to be rewritten because it included and i quote ""The most uncomfortable and dragged out makeout session with a pinecone ever put to film""",ComicGirlAshley,Heyya It's Ashley! Here to talk about all kinds of comics with you beautiful geeks!,Ashley Talks Comics!,False,26626,97,19968,134,6255,en,2,4,148,0,http://twitter.com/download/android,Twitter for Android
2022-12-09 01:10:38+00:00,Leaked WW3 synopsis https://t.co/QMiZT1Dn0B,ComicGirlAshley,Heyya It's Ashley! Here to talk about all kinds of comics with you beautiful geeks!,Ashley Talks Comics!,False,26626,97,19968,134,6255,en,23,71,1030,2,http://twitter.com/download/android,Twitter for Android
2022-12-09 00:53:19+00:00,@yes404k It's impressive that they managed to make it bad enough to revival 1984. Like that takes effort.,ComicGirlAshley,Heyya It's Ashley! Here to talk about all kinds of comics with you beautiful geeks!,Ashley Talks Comics!,False,26626,97,19968,134,6255,en,2,0,28,0,http://twitter.com/download/android,Twitter for Android
2022-12-09 00:51:15+00:00,@LanoomAES After 1984 i totally believe it tho üò≠,ComicGirlAshley,Heyya It's Ashley! Here to talk about all kinds of comics with you beautiful geeks!,Ashley Talks Comics!,False,26626,97,19968,134,6255,en,0,0,21,0,http://twitter.com/download/android,Twitter for Android
2022-12-09 00:49:34+00:00,Well... You can't say that's not impressive https://t.co/GDtFPrzRtU,ComicGirlAshley,Heyya It's Ashley! Here to talk about all kinds of comics with you beautiful geeks!,Ashley Talks Comics!,False,26626,97,19968,134,6255,en,12,17,296,5,http://twitter.com/download/android,Twitter for Android
2022-12-09 00:46:05+00:00,My script is actually really great and cool and doesn't have dubcon this time i swear y'all just don't understand it. Look right here Wikipedia told me it was a good idea. Boom.,ComicGirlAshley,Heyya It's Ashley! Here to talk about all kinds of comics with you beautiful geeks!,Ashley Talks Comics!,False,26626,97,19968,134,6255,en,0,0,51,0,http://twitter.com/download/android,Twitter for Android
2022-12-09 00:44:42+00:00,No look cos the wiki says üíÄ twitter.com/DiscussingFilm‚Ä¶,ComicGirlAshley,Heyya It's Ashley! Here to talk about all kinds of comics with you beautiful geeks!,Ashley Talks Comics!,False,26626,97,19968,134,6255,en,5,5,164,0,http://twitter.com/download/android,Twitter for Android
2022-12-09 00:43:10+00:00,@Logan_wendigo Exile myself to protect myself i did not. Exile myself to protect them from me i did.,ComicGirlAshley,Heyya It's Ashley! Here to talk about all kinds of comics with you beautiful geeks!,Ashley Talks Comics!,False,26626,97,19968,134,6255,en,0,0,37,0,http://twitter.com/download/android,Twitter for Android
2022-12-09 00:41:37+00:00,No but they missed a massive opportunity to have Bakugo voluntarily give it back,ComicGirlAshley,Heyya It's Ashley! Here to talk about all kinds of comics with you beautiful geeks!,Ashley Talks Comics!,False,26626,97,19968,134,6255,en,2,0,40,0,http://twitter.com/download/android,Twitter for Android
2022-12-09 00:35:09+00:00,*Deku &amp; Bakugo about to die*  Deku: Hey crazy idea. Eat my hair.,ComicGirlAshley,Heyya It's Ashley! Here to talk about all kinds of comics with you beautiful geeks!,Ashley Talks Comics!,False,26626,97,19968,134,6255,pl,5,3,100,1,http://twitter.com/download/android,Twitter for Android
2022-12-09 00:25:08+00:00,The lil gremlin had to sneak one more war crime in before he became one with the force,ComicGirlAshley,Heyya It's Ashley! Here to talk about all kinds of comics with you beautiful geeks!,Ashley Talks Comics!,False,26626,97,19968,134,6255,en,1,1,70,0,http://twitter.com/download/android,Twitter for Android
